timeStamp,elapsed,label,responseCode,responseMessage,threadName,dataType,success,failureMessage,bytes,sentBytes,grpThreads,allThreads,URL,Latency,IdleTime,Connect
1708273586943,2313,HTTP Request,200,,Testgroup-20 1-46,text,true,,176,183,100,100,http://localhost:8080/pratham,2313,0,1
1708273586958,2299,HTTP Request,200,,Testgroup-20 1-82,text,true,,176,183,100,100,http://localhost:8080/pratham,2299,0,2
1708273586928,2330,HTTP Request,200,,Testgroup-20 1-13,text,true,,176,183,100,100,http://localhost:8080/pratham,2330,0,3
1708273586944,2312,HTTP Request,200,,Testgroup-20 1-49,text,true,,176,183,100,100,http://localhost:8080/pratham,2311,0,1
1708273586948,2308,HTTP Request,200,,Testgroup-20 1-58,text,true,,176,183,100,100,http://localhost:8080/pratham,2308,0,1
1708273586926,2330,HTTP Request,200,,Testgroup-20 1-4,text,true,,176,183,100,100,http://localhost:8080/pratham,2330,0,4
1708273586929,2327,HTTP Request,200,,Testgroup-20 1-16,text,true,,176,183,100,100,http://localhost:8080/pratham,2327,0,3
1708273586961,2294,HTTP Request,200,,Testgroup-20 1-84,text,true,,176,183,100,100,http://localhost:8080/pratham,2294,0,7
1708273586942,2314,HTTP Request,200,,Testgroup-20 1-45,text,true,,176,183,100,100,http://localhost:8080/pratham,2313,0,1
1708273587016,2239,HTTP Request,200,,Testgroup-20 1-97,text,true,,176,183,100,100,http://localhost:8080/pratham,2239,0,5
1708273586950,2306,HTTP Request,200,,Testgroup-20 1-63,text,true,,176,183,100,100,http://localhost:8080/pratham,2306,0,1
1708273586966,2289,HTTP Request,200,,Testgroup-20 1-85,text,true,,176,183,100,100,http://localhost:8080/pratham,2289,0,3
1708273586939,2317,HTTP Request,200,,Testgroup-20 1-37,text,true,,176,183,100,100,http://localhost:8080/pratham,2317,0,1
1708273586986,2270,HTTP Request,200,,Testgroup-20 1-89,text,true,,176,183,100,100,http://localhost:8080/pratham,2269,0,13
1708273587020,2235,HTTP Request,200,,Testgroup-20 1-98,text,true,,176,183,100,100,http://localhost:8080/pratham,2235,0,2
1708273586949,2305,HTTP Request,200,,Testgroup-20 1-60,text,true,,176,183,100,100,http://localhost:8080/pratham,2305,0,0
1708273586932,2324,HTTP Request,200,,Testgroup-20 1-21,text,true,,176,183,100,100,http://localhost:8080/pratham,2324,0,0
1708273586973,2282,HTTP Request,200,,Testgroup-20 1-87,text,true,,176,183,100,100,http://localhost:8080/pratham,2282,0,8
1708273586951,2305,HTTP Request,200,,Testgroup-20 1-66,text,true,,176,183,100,100,http://localhost:8080/pratham,2305,0,0
1708273586929,2326,HTTP Request,200,,Testgroup-20 1-14,text,true,,176,183,100,100,http://localhost:8080/pratham,2326,0,3
1708273587000,2256,HTTP Request,200,,Testgroup-20 1-91,text,true,,176,183,100,100,http://localhost:8080/pratham,2256,0,1
1708273586952,2303,HTTP Request,200,,Testgroup-20 1-71,text,true,,176,183,100,100,http://localhost:8080/pratham,2303,0,0
1708273586955,2301,HTTP Request,200,,Testgroup-20 1-79,text,true,,176,183,100,100,http://localhost:8080/pratham,2301,0,1
1708273586927,2329,HTTP Request,200,,Testgroup-20 1-6,text,true,,176,183,100,100,http://localhost:8080/pratham,2329,0,5
1708273586926,2330,HTTP Request,200,,Testgroup-20 1-3,text,true,,176,183,100,100,http://localhost:8080/pratham,2330,0,4
1708273587004,2252,HTTP Request,200,,Testgroup-20 1-92,text,true,,176,183,100,100,http://localhost:8080/pratham,2252,0,1
1708273586956,2300,HTTP Request,200,,Testgroup-20 1-80,text,true,,176,183,100,100,http://localhost:8080/pratham,2300,0,0
1708273586940,2316,HTTP Request,200,,Testgroup-20 1-40,text,true,,176,183,100,100,http://localhost:8080/pratham,2316,0,1
1708273586941,2315,HTTP Request,200,,Testgroup-20 1-41,text,true,,176,183,100,100,http://localhost:8080/pratham,2315,0,0
1708273586942,2314,HTTP Request,200,,Testgroup-20 1-42,text,true,,176,183,100,100,http://localhost:8080/pratham,2314,0,1
1708273586953,2303,HTTP Request,200,,Testgroup-20 1-74,text,true,,176,183,100,100,http://localhost:8080/pratham,2303,0,0
1708273586926,2330,HTTP Request,200,,Testgroup-20 1-11,text,true,,176,183,100,100,http://localhost:8080/pratham,2330,0,4
1708273586951,2304,HTTP Request,200,,Testgroup-20 1-70,text,true,,176,183,100,100,http://localhost:8080/pratham,2304,0,1
1708273586947,2309,HTTP Request,200,,Testgroup-20 1-55,text,true,,176,183,100,100,http://localhost:8080/pratham,2309,0,1
1708273586931,2324,HTTP Request,200,,Testgroup-20 1-19,text,true,,176,183,100,100,http://localhost:8080/pratham,2324,0,1
1708273586954,2301,HTTP Request,200,,Testgroup-20 1-78,text,true,,176,183,100,100,http://localhost:8080/pratham,2301,0,1
1708273586951,2305,HTTP Request,200,,Testgroup-20 1-65,text,true,,176,183,100,100,http://localhost:8080/pratham,2304,0,0
1708273586951,2305,HTTP Request,200,,Testgroup-20 1-69,text,true,,176,183,100,100,http://localhost:8080/pratham,2305,0,0
1708273586942,2314,HTTP Request,200,,Testgroup-20 1-43,text,true,,176,183,100,100,http://localhost:8080/pratham,2314,0,1
1708273586949,2307,HTTP Request,200,,Testgroup-20 1-59,text,true,,176,183,100,100,http://localhost:8080/pratham,2307,0,0
1708273586945,2311,HTTP Request,200,,Testgroup-20 1-51,text,true,,176,183,100,100,http://localhost:8080/pratham,2311,0,0
1708273586926,2331,HTTP Request,200,,Testgroup-20 1-7,text,true,,176,183,100,100,http://localhost:8080/pratham,2331,0,4
1708273586926,2330,HTTP Request,200,,Testgroup-20 1-5,text,true,,176,183,100,100,http://localhost:8080/pratham,2330,0,4
1708273586954,2303,HTTP Request,200,,Testgroup-20 1-75,text,true,,176,183,100,100,http://localhost:8080/pratham,2302,0,1
1708273586952,2304,HTTP Request,200,,Testgroup-20 1-72,text,true,,176,183,100,100,http://localhost:8080/pratham,2304,0,1
1708273587016,2239,HTTP Request,200,,Testgroup-20 1-96,text,true,,176,183,100,100,http://localhost:8080/pratham,2239,0,2
1708273586939,2317,HTTP Request,200,,Testgroup-20 1-38,text,true,,176,183,100,100,http://localhost:8080/pratham,2317,0,1
1708273586937,2320,HTTP Request,200,,Testgroup-20 1-32,text,true,,176,183,100,100,http://localhost:8080/pratham,2320,0,1
1708273586934,2322,HTTP Request,200,,Testgroup-20 1-24,text,true,,176,183,100,100,http://localhost:8080/pratham,2322,0,1
1708273587027,2229,HTTP Request,200,,Testgroup-20 1-100,text,true,,176,183,100,100,http://localhost:8080/pratham,2229,0,2
1708273586946,2310,HTTP Request,200,,Testgroup-20 1-54,text,true,,176,183,100,100,http://localhost:8080/pratham,2310,0,1
1708273586951,2305,HTTP Request,200,,Testgroup-20 1-64,text,true,,176,183,100,100,http://localhost:8080/pratham,2305,0,0
1708273586938,2318,HTTP Request,200,,Testgroup-20 1-35,text,true,,176,183,100,100,http://localhost:8080/pratham,2318,0,1
1708273586954,2302,HTTP Request,200,,Testgroup-20 1-76,text,true,,176,183,100,100,http://localhost:8080/pratham,2302,0,1
1708273586975,2281,HTTP Request,200,,Testgroup-20 1-88,text,true,,176,183,100,100,http://localhost:8080/pratham,2281,0,4
1708273586947,2309,HTTP Request,200,,Testgroup-20 1-53,text,true,,176,183,100,100,http://localhost:8080/pratham,2309,0,1
1708273586947,2309,HTTP Request,200,,Testgroup-20 1-56,text,true,,176,183,100,100,http://localhost:8080/pratham,2309,0,1
1708273586927,2329,HTTP Request,200,,Testgroup-20 1-9,text,true,,176,183,100,100,http://localhost:8080/pratham,2329,0,4
1708273586933,2323,HTTP Request,200,,Testgroup-20 1-22,text,true,,176,183,100,100,http://localhost:8080/pratham,2323,0,0
1708273586936,2320,HTTP Request,200,,Testgroup-20 1-28,text,true,,176,183,100,100,http://localhost:8080/pratham,2320,0,1
1708273586952,2304,HTTP Request,200,,Testgroup-20 1-73,text,true,,176,183,100,100,http://localhost:8080/pratham,2304,0,0
1708273586956,2300,HTTP Request,200,,Testgroup-20 1-81,text,true,,176,183,100,100,http://localhost:8080/pratham,2300,0,1
1708273586959,2297,HTTP Request,200,,Testgroup-20 1-83,text,true,,176,183,100,100,http://localhost:8080/pratham,2297,0,7
1708273586931,2325,HTTP Request,200,,Testgroup-20 1-20,text,true,,176,183,100,100,http://localhost:8080/pratham,2325,0,1
1708273586951,2304,HTTP Request,200,,Testgroup-20 1-67,text,true,,176,183,100,100,http://localhost:8080/pratham,2304,0,0
1708273586927,2329,HTTP Request,200,,Testgroup-20 1-10,text,true,,176,183,100,100,http://localhost:8080/pratham,2329,0,4
1708273586936,2320,HTTP Request,200,,Testgroup-20 1-30,text,true,,176,183,100,100,http://localhost:8080/pratham,2320,0,1
1708273587001,2254,HTTP Request,200,,Testgroup-20 1-90,text,true,,176,183,100,100,http://localhost:8080/pratham,2254,0,4
1708273586927,2329,HTTP Request,200,,Testgroup-20 1-2,text,true,,176,183,100,100,http://localhost:8080/pratham,2328,0,4
1708273586938,2317,HTTP Request,200,,Testgroup-20 1-33,text,true,,176,183,100,100,http://localhost:8080/pratham,2317,0,0
1708273586940,2315,HTTP Request,200,,Testgroup-20 1-39,text,true,,176,183,100,100,http://localhost:8080/pratham,2315,0,1
1708273586954,2301,HTTP Request,200,,Testgroup-20 1-77,text,true,,176,183,100,100,http://localhost:8080/pratham,2301,0,0
1708273586951,2304,HTTP Request,200,,Testgroup-20 1-68,text,true,,176,183,100,100,http://localhost:8080/pratham,2304,0,0
1708273586930,2325,HTTP Request,200,,Testgroup-20 1-18,text,true,,176,183,100,100,http://localhost:8080/pratham,2325,0,0
1708273586938,2317,HTTP Request,200,,Testgroup-20 1-34,text,true,,176,183,100,100,http://localhost:8080/pratham,2317,0,1
1708273587004,2251,HTTP Request,200,,Testgroup-20 1-93,text,true,,176,183,100,100,http://localhost:8080/pratham,2251,0,0
1708273586942,2313,HTTP Request,200,,Testgroup-20 1-44,text,true,,176,183,100,100,http://localhost:8080/pratham,2313,0,1
1708273587003,2252,HTTP Request,200,,Testgroup-20 1-94,text,true,,176,183,100,100,http://localhost:8080/pratham,2252,0,1
1708273586944,2311,HTTP Request,200,,Testgroup-20 1-48,text,true,,176,183,100,100,http://localhost:8080/pratham,2311,0,0
1708273586926,2329,HTTP Request,200,,Testgroup-20 1-8,text,true,,176,183,100,100,http://localhost:8080/pratham,2329,0,4
1708273586936,2319,HTTP Request,200,,Testgroup-20 1-29,text,true,,176,183,100,100,http://localhost:8080/pratham,2319,0,1
1708273586937,2318,HTTP Request,200,,Testgroup-20 1-31,text,true,,176,183,100,100,http://localhost:8080/pratham,2318,0,1
1708273586926,2328,HTTP Request,200,,Testgroup-20 1-12,text,true,,176,183,100,100,http://localhost:8080/pratham,2328,0,4
1708273586969,2286,HTTP Request,200,,Testgroup-20 1-86,text,true,,176,183,100,100,http://localhost:8080/pratham,2286,0,1
1708273587025,2230,HTTP Request,200,,Testgroup-20 1-99,text,true,,176,183,100,100,http://localhost:8080/pratham,2230,0,1
1708273586950,2305,HTTP Request,200,,Testgroup-20 1-62,text,true,,176,183,100,100,http://localhost:8080/pratham,2305,0,0
1708273586939,2316,HTTP Request,200,,Testgroup-20 1-36,text,true,,176,183,100,100,http://localhost:8080/pratham,2316,0,0
1708273586946,2309,HTTP Request,200,,Testgroup-20 1-52,text,true,,176,183,100,100,http://localhost:8080/pratham,2309,0,1
1708273586930,2325,HTTP Request,200,,Testgroup-20 1-17,text,true,,176,183,100,100,http://localhost:8080/pratham,2325,0,1
1708273586935,2320,HTTP Request,200,,Testgroup-20 1-26,text,true,,176,183,100,100,http://localhost:8080/pratham,2320,0,0
1708273586943,2312,HTTP Request,200,,Testgroup-20 1-47,text,true,,176,183,100,100,http://localhost:8080/pratham,2312,0,1
1708273586935,2320,HTTP Request,200,,Testgroup-20 1-27,text,true,,176,183,100,100,http://localhost:8080/pratham,2320,0,0
1708273586933,2322,HTTP Request,200,,Testgroup-20 1-23,text,true,,176,183,100,100,http://localhost:8080/pratham,2322,0,1
1708273586945,2310,HTTP Request,200,,Testgroup-20 1-50,text,true,,176,183,100,100,http://localhost:8080/pratham,2310,0,0
1708273587008,2247,HTTP Request,200,,Testgroup-20 1-95,text,true,,176,183,100,100,http://localhost:8080/pratham,2247,0,6
1708273586948,2307,HTTP Request,200,,Testgroup-20 1-57,text,true,,176,183,100,100,http://localhost:8080/pratham,2307,0,1
1708273586929,2337,HTTP Request,200,,Testgroup-20 1-15,text,true,,176,183,48,48,http://localhost:8080/pratham,2337,0,1
1708273586928,2338,HTTP Request,200,,Testgroup-20 1-1,text,true,,176,183,47,47,http://localhost:8080/pratham,2338,0,4
1708273586935,2336,HTTP Request,200,,Testgroup-20 1-25,text,true,,176,183,9,9,http://localhost:8080/pratham,2336,0,0
1708273586949,2324,HTTP Request,200,,Testgroup-20 1-61,text,true,,176,183,1,1,http://localhost:8080/pratham,2324,0,0
